rank,sec_code,edinet_code,filer_name,name_en,industry,screen_date_utc,quote_date,yfinance_ticker,ev_ebit_basis,roce_pct,ev_ebit_forward,opm_pct,equity_ratio_pct,rev_cagr_3yr_pct,pbr_current,fcf_yield_current_pct,forecast_oi_mjpy,forecast_oi_change_pct,forecast_disclosure_date,fy_end,ttm_oi_mjpy,current_price_jpy,shares_issued,current_mc_mjpy,current_ev_mjpy,composite_score,status,near_misses,notes,published_url
1,45030,E00920,アステラス製薬株式会社,Astellas Pharma Inc.,医薬品,2026-10-10,2026-10-09,4503.T,forward,16.2917,10.9219,17.8900,51.2800,12.1000,2.1801,12.2475,395000.0000,,2026-08-05,,,2247.5,1793013747,4029798.3964,4314145.3964,1.4917,active,,,
2,28750,E00461,東洋水産株式会社,"TOYO SUISAN KAISHA, LTD.",食料品,2026-10-10,2026-10-09,2875.T,forward,15.0375,11.6055,15.9900,84.6100,7.1900,1.6300,4.0773,82000.0000,,2026-07-31,,,10150.0,96951937,984062.1606,951653.1606,1.2957,active,,,
3,44030,E00880,日油株式会社,NOF CORPORATION,化学,2026-10-10,2026-10-09,4403.T,forward,15.1508,9.9610,18.3800,74.2700,5.8200,1.8692,5.4622,50000.0000,,2026-08-05,2026-03-31,,2562.5,224734398,575881.8949,498047.8949,1.5210,active,,,
4,64320,E01723,株式会社竹内製作所,"TAKEUCHI MFG.CO.,LTD.",機械,2026-10-10,2026-10-09,6432.T,forward,20.0753,7.5089,16.7300,83.0300,7.9700,1.6962,5.6912,37300.0000,,2026-07-10,,,7280.0,46197389,336316.9919,280081.9919,2.6735,active,,,
5,70140,E02129,株式会社名村造船所,"Namura Shipbuilding Co.,Ltd.",輸送用機器,2026-10-10,2026-10-09,7014.T,forward,16.4222,7.7299,17.6600,51.6400,8.6300,2.3581,9.1340,29000.0000,,2026-08-06,,,4635.0,69465244,321971.4059,224167.4059,2.1245,active,,,
6,81110,E00603,株式会社ゴールドウイン,GOLDWIN INC.,繊維製品,2026-10-10,2026-10-09,8111.T,forward,19.0278,9.5804,18.8000,77.5700,6.1300,2.2007,4.3170,26100.0000,,2026-08-06,2026-03-31,,2167.0,136809128,296465.3804,250049.3804,1.9861,active,,,
7,78260,E02485,株式会社フルヤ金属,"FURUYA METAL CO.,LTD.",その他製品,2026-10-10,2026-10-09,7826.T,forward,27.7173,11.0194,24.7600,54.9100,27.6800,3.5252,4.1430,26500.0000,,2026-08-06,,,11600.0,24599305,285351.9380,292014.9380,2.5153,active,,,
8,61010,E01480,株式会社ツガミ,TSUGAMI CORPORATION,機械,2026-10-10,2026-10-09,6101.T,forward,31.9574,6.3531,27.9600,52.0000,10.7900,3.2131,10.0032,36500.0000,,2026-07-30,,,5700.0,46501215,265056.9255,231886.9255,5.0302,active,,,
9,97590,E04822,株式会社ＮＳＤ,"NSD CO.,LTD.",情報・通信業,2026-10-10,2026-10-09,9759.T,forward,23.2133,9.8299,16.1900,76.7600,14.7400,2.7536,5.6838,20100.0000,,2026-09-28,2026-03-31,,3039.0,75706783,230072.9135,197581.9135,2.3615,active,,,/en/compounders/9759/initiation/
10,21270,E05629,株式会社日本Ｍ＆Ａセンターホールディングス,Nihon M&A Center Holdings Inc.,サービス業,2026-10-10,2026-10-09,2127.T,forward,35.3381,8.3987,37.3300,76.4700,6.7500,3.7051,5.6932,19300.0000,,2026-07-30,,,622.5,317323910,197534.1340,162094.1340,4.2076,active,,,
11,97930,E04931,株式会社ダイセキ,"Daiseki Co.,Ltd.",サービス業,2026-10-10,2026-10-09,9793.T,forward,16.3563,9.2696,20.3000,79.3000,7.0500,2.0148,4.1371,16800.0000,,2026-10-05,,,3530.0,47293366,166945.5820,155729.5820,1.7645,active,,,
12,23170,E05283,株式会社システナ,Systena Corporation,情報・通信業,2026-10-10,2026-10-09,2317.T,forward,37.9545,7.9298,16.2800,65.8500,8.2000,3.2770,8.0041,15960.0000,,2026-07-30,,,433.0,357455823,154778.3714,126560.3714,4.7863,active,,,
13,52730,E01169,三谷セキサン株式会社,"mitanisekisanco.,ltd",ガラス・土石製品,2026-10-10,2026-10-09,5273.T,forward,15.2620,6.5073,17.6200,73.3900,5.0700,1.1422,6.1338,14200.0000,,2026-08-13,,,1966.0,70252120,138115.6679,92403.6679,2.3454,active,,,
14,81170,E02642,中央自動車工業株式会社,CENTRAL AUTOMOTIVE PRODUCTS LTD.,卸売業,2026-10-10,2026-10-09,8117.T,forward,17.7343,6.7732,24.3700,88.3600,9.1800,1.6130,7.8422,12400.0000,,2026-08-28,,,1991.0,55264839,110032.2944,83987.8944,2.6183,active,,,
15,97570,E04817,株式会社船井総研ホールディングス,Funai Soken Holdings Incorporated,サービス業,2026-10-10,2026-10-09,9757.T,forward,33.9260,10.4359,26.4400,74.7600,9.1400,3.9353,9.1342,9100.0000,,2026-08-07,2026-12-31,,1185.0,91173612,108040.7302,94966.7402,3.2509,active,,,
16,60360,E31216,ＫｅｅＰｅｒ技研株式会社,"KeePer Technical Laboratory Co., Ltd.",サービス業,2026-10-10,2026-10-09,6036.T,forward,24.8190,9.8402,26.6400,74.8500,15.0600,3.9120,13.1218,9012.0000,,2026-08-14,2026-06-30,,3725.0,27291114,101659.3997,88679.6096,2.5222,active,,,
17,75950,E05018,株式会社アルゴグラフィックス,ARGO GRAPHICS Inc.,情報・通信業,2026-10-10,2026-10-09,7595.T,forward,19.4489,5.1531,15.0200,63.4600,10.2700,1.4984,20.6494,10300.0000,,2026-07-31,,,1241.0,68726692,85289.8248,53076.5548,3.7742,active,,,
18,21570,E04751,株式会社コシダカホールディングス,"KOSHIDAKA HOLDINGS Co.,LTD.",サービス業,2026-10-10,2026-10-09,2157.T,forward,21.2298,6.7990,16.4200,51.1800,22.2300,2.3709,5.3023,12604.0000,,2026-10-09,,,974.0,86867157,84608.6109,85694.2609,3.1225,active,,,
19,48280,E05167,ビジネスエンジニアリング株式会社,Business Engineering Corporation,情報・通信業,2026-10-10,2026-10-09,4828.T,forward,39.7520,10.2310,26.2300,74.6600,9.7200,5.1104,5.7945,6900.0000,,2026-08-10,,,1384.0,59707735,82635.5052,70593.9052,3.8854,active,,,
20,23530,E05327,日本駐車場開発株式会社,"NIPPON PARKING DEVELOPMENT Co.,Ltd.",不動産業,2026-10-10,2026-10-09,2353.T,forward,18.8026,7.7497,20.8000,45.7700,11.9200,3.8257,4.1293,10000.0000,,2026-09-11,2026-07-31,,256.0,311672923,79788.2683,77497.2383,2.4262,active,,,/en/compounders/2353/initiation/
21,68340,E01717,株式会社　精工技研,"SEIKOH GIKEN Co.,Ltd.",電気機器,2026-10-10,2026-10-09,6834.T,forward,21.8236,4.2468,25.7000,81.6500,22.7100,1.7597,7.4115,12000.0000,,2026-08-10,,,6960.0,8939271,62217.3262,50961.7862,5.1388,active,,,
22,38170,E05640,株式会社ＳＲＡホールディングス,"SRA Holdings,Inc.",情報・通信業,2026-10-10,2026-10-09,3817.T,forward,21.7617,4.6272,15.4700,65.5500,7.5200,1.4759,4.8058,8600.0000,,2026-08-12,,,4745.0,12633886,59947.7891,39793.7891,4.7030,active,,,
23,44810,E35164,ベース株式会社,"BASE CO.,LTD.",情報・通信業,2026-10-10,2026-10-09,4481.T,forward,39.2908,7.1238,26.3900,77.2700,8.5200,3.9405,7.7637,6349.0000,,2026-08-14,2025-12-31,,3205.0,18149394,58168.8078,45228.7978,5.5154,active,,,
24,368A0,E40668,株式会社北里コーポレーション,Kitazato Corporation,精密機器,2026-10-10,2026-10-09,368A.T,forward,28.4839,7.0427,53.5100,93.2200,5.4000,2.7496,6.4335,6115.0000,,2026-07-31,,,1412.0,40000000,56480.0000,43066.0000,4.0445,active,,,
25,27490,E05306,株式会社ＪＰホールディングス,"JP-HOLDINGS,INC.",サービス業,2026-10-10,2026-10-09,2749.T,forward,23.8514,5.6923,15.0800,60.0300,6.8600,2.3377,11.5104,6600.0000,,2026-08-13,,,641.0,85638477,54894.2638,37568.8838,4.1901,active,,,
26,38540,E05705,株式会社アイル,I'LL INC,情報・通信業,2026-10-10,2026-10-09,3854.T,forward,36.6436,9.1844,24.9700,71.5800,14.2300,4.7237,5.2828,5000.0000,,2026-09-07,2026-07-31,,2133.0,24999754,53324.4753,45922.1153,3.9898,active,,,
27,299A0,E40236,ｄｅｌｙ株式会社,"Kurashiru,Inc.",情報・通信業,2026-10-10,2026-10-09,299A.T,forward,26.1448,11.5517,20.3700,78.2900,34.5900,3.9738,4.7498,3573.0000,,2026-07-30,2026-03-31,,1233.0,42882260,52873.8266,41274.2066,2.2633,active,,,
28,58890,E39074,Ｊａｐａｎ　Ｅｙｅｗｅａｒ　Ｈｏｌｄｉｎｇｓ株式会社,Japan Eyewear Holdings,小売業,2026-10-10,2026-10-09,5889.T,forward,25.5216,9.4540,31.9600,45.5700,20.2400,2.8415,7.6205,6800.0000,,2026-09-11,,,2134.0,24244380,51737.5069,64287.5069,2.6995,active,,,
29,60880,E30130,株式会社シグマクシス・ホールディングス,SIGMAXYZ Holdings Inc.,サービス業,2026-10-10,2026-10-09,6088.T,forward,41.2998,6.6250,25.4500,83.5600,11.1900,3.2501,5.3168,6600.0000,,2026-08-04,2026-03-31,,602.0,81154253,48854.8603,43725.2503,6.2339,active,,,
30,38360,E05663,株式会社アバントグループ,AVANT GROUP CORPORATION,情報・通信業,2026-10-10,2026-10-09,3836.T,forward,31.0491,5.7867,15.4100,60.3400,12.4700,2.8131,5.7970,5000.0000,,2026-08-05,2026-06-30,,1228.0,34454352,42309.9443,28933.7343,5.3656,active,,,
31,17360,E00304,株式会社　オーテック,OTEC CORPORATION,建設業,2026-10-10,2026-10-09,1736.T,forward,17.0626,5.6149,15.0800,68.8900,8.8600,1.3227,8.7210,5400.0000,,2026-08-07,,,2494.0,15494352,38642.9139,30320.4639,3.0388,active,,,
32,421A0,E40925,株式会社ムービン・ストラテジック・キャリア,"Movin' Strategic Career CO., LTD.",サービス業,2026-10-10,2026-10-09,421A.T,forward,47.2867,10.8405,46.4000,76.9400,17.8200,9.9314,4.4245,3030.0000,,2026-08-12,2026-12-31,,4385.0,8442200,37019.0470,32846.5670,4.3621,active,,,
33,43450,E05267,株式会社シーティーエス,"CTS Co.,Ltd.",サービス業,2026-10-10,2026-10-09,4345.T,forward,18.5212,8.8040,26.4300,76.2200,5.6900,2.0940,4.6942,3530.0000,,2026-07-30,,,812.0,41154179,33417.1933,31078.1933,2.1037,active,,,
34,60830,E27855,ＥＲＩホールディングス株式会社,"ERI HOLDINGS CO.,LTD.",サービス業,2026-10-10,2026-10-09,6083.T,forward,45.1238,4.8624,20.0100,49.6500,12.3700,3.5610,11.4768,5330.0000,,2026-09-30,,,1410.0,22447935,31651.5884,25916.4883,9.2802,active,,,
35,37980,E05521,ＵＬＳグループ株式会社,"ULS Group,Inc.",情報・通信業,2026-10-10,2026-10-09,3798.T,forward,24.2381,5.7611,18.3500,79.9400,24.9200,2.2519,4.9152,3700.0000,,2026-08-12,2026-03-31,,526.0,56608380,29776.0079,21316.0079,4.2072,active,,,
36,39830,E33039,株式会社オロ,"ORO Co., Ltd.",情報・通信業,2026-10-10,2026-10-09,3983.T,forward,24.2939,6.7517,31.8900,75.3400,10.1800,2.7565,6.5593,2930.0000,,2026-08-14,2025-12-31,,1910.0,15289402,29202.7578,19782.4378,3.5982,active,,,
37,39220,E31965,株式会社ＰＲ　ＴＩＭＥＳ,"PR TIMES, Inc.",情報・通信業,2026-10-10,2026-10-09,3922.T,forward,39.0537,6.3299,37.9500,80.0700,18.7100,3.1469,9.8317,3250.0000,,2026-07-14,2026-02-28,,2135.0,13526499,28879.0754,20572.3054,6.1697,active,,,
38,65350,E32687,株式会社アイモバイル,"i-mobile Co.,Ltd.",サービス業,2026-10-10,2026-10-09,6535.T,forward,25.2752,2.0857,19.2000,59.5000,15.6100,1.6040,4.4562,4500.0000,,2026-09-10,,,488.0,55085173,26881.5644,9385.5644,12.1184,active,,,
39,71910,E32763,株式会社イントラスト,Entrust Inc.,その他金融業,2026-10-10,2026-10-09,7191.T,forward,33.1464,6.1217,22.5200,63.3000,23.6800,3.1597,4.4534,3000.0000,,2026-07-28,,,1144.0,22373023,25594.7383,18365.0183,5.4146,active,,,
40,65390,E32801,株式会社ＭＳ－Ｊａｐａｎ,"MATCHING SERVICE JAPAN CO.,LTD.",サービス業,2026-10-10,2026-10-09,6539.T,forward,17.0811,11.4647,21.8900,89.0600,21.2200,2.5340,4.3814,1796.0000,,2026-08-06,2026-03-31,,975.0,24853008,24231.6828,20590.5328,1.4899,active,,,
41,39840,E33026,株式会社ユーザーローカル,"User Local, Inc.",情報・通信業,2026-10-10,2026-10-09,3984.T,forward,23.2478,6.6187,41.1000,84.4900,17.5600,2.4720,9.4881,2149.0000,,2026-08-06,2026-06-30,,1524.0,15730298,23972.9742,14223.6842,3.5124,active,,,/en/compounders/3984/initiation/
42,76380,E03333,株式会社ＮＥＷ　ＡＲＴ　ＨＯＬＤＩＮＧＳ,"NEW ART HOLDINGS Co., Ltd.",小売業,2026-10-10,2026-10-09,7638.T,forward,29.6498,5.6647,15.3200,42.2200,14.2600,2.0579,13.0316,5200.0000,,2026-08-14,,,1355.0,17155500,23245.7025,29456.3025,5.2342,active,,,
43,23010,E05286,株式会社学情,"GAKUJO CO.,Ltd.",サービス業,2026-10-10,2026-10-09,2301.T,forward,15.4090,6.9070,21.1700,86.9800,17.6100,1.3109,10.0104,2600.0000,,2026-09-14,2026-10-31,,1709.0,13249465,22643.3357,17958.1357,2.2309,active,,,/en/compounders/2301/initiation/
44,39210,E31902,株式会社ネオジャパン,NEOJAPAN Inc.,情報・通信業,2026-10-10,2026-10-09,3921.T,forward,31.5534,6.0433,30.3500,69.9700,11.0700,3.0090,7.5924,2680.0000,,2026-09-11,,,1614.0,14017873,22624.8470,16196.1070,5.2212,active,,,
45,55890,E38919,株式会社オートサーバー,"AUTO SERVER Co.,LTD.",情報・通信業,2026-10-10,2026-10-09,5589.T,forward,17.8367,4.4050,36.9000,64.1500,6.4000,1.6582,9.8788,2372.0000,,2026-08-10,,,3000.0,7268575,21805.7250,10448.7350,4.0492,active,,,
46,36490,E25283,株式会社ファインデックス,FINDEX Inc.,情報・通信業,2026-10-10,2026-10-09,3649.T,forward,30.9624,10.7123,29.3000,80.3100,10.4000,3.5640,6.4065,1829.0000,,2026-08-13,2025-12-31,,866.0,24424521,21151.6352,19592.7452,2.8904,active,,,
47,60370,E31248,楽待株式会社,"RAKUMACHI,INC.",サービス業,2026-10-10,2026-10-09,6037.T,forward,29.1212,9.0414,48.9000,86.6400,18.9800,3.8814,6.8141,2100.0000,,2026-09-14,2026-07-31,,1067.0,18911358,20178.4190,18987.0090,3.2209,active,,,/en/compounders/6037/initiation/
48,24770,E05564,手間いらず株式会社,"Temairazu, Inc.",サービス業,2026-10-10,2026-10-09,2477.T,forward,26.2432,6.8125,72.3900,93.1900,10.0900,2.7349,5.8274,1979.0000,,2026-08-07,2026-06-30,,3355.0,5929073,19892.0399,13481.9099,3.8522,active,,,/en/compounders/2477/initiation/
49,63560,E02173,日本ギア工業株式会社,"NIPPON GEAR CO.,LTD.",機械,2026-10-10,2026-10-09,6356.T,forward,16.1814,5.0159,24.8600,84.1900,9.5400,1.2797,9.5763,2500.0000,,2026-07-31,,,1306.0,14236873,18593.3561,12539.7861,3.2260,active,,,/en/compounders/6356/initiation/
50,505A0,E41309,株式会社ギークリー,"Geekly , Inc.",サービス業,2026-10-10,2026-10-09,505A.T,forward,51.0611,4.9979,22.0400,63.7300,106.5100,3.7587,12.2916,2506.0000,,2026-07-14,,,1361.0,12081000,16442.2410,12524.6510,10.2166,active,,,
51,62550,E01734,株式会社エヌ・ピー・シー,NPC Incorporated,機械,2026-10-10,2026-10-09,6255.T,forward,17.5563,6.5497,20.7100,83.9200,28.4100,1.3976,9.1360,1380.0000,,2026-10-07,,,738.0,20948976,15460.3443,9038.5543,2.6805,active,,,
52,44820,E35284,株式会社ウィルズ,WILLs Inc.,情報・通信業,2026-10-10,2026-10-09,4482.T,forward,49.8704,7.8901,21.5200,53.8200,16.6200,5.5640,6.5187,1500.0000,,2026-08-13,2025-12-31,,739.0,20222228,14944.2265,11835.1565,6.3206,active,,,
53,70680,E34995,フィードフォースグループ株式会社,Feedforce Group Inc.,サービス業,2026-10-10,2026-10-09,7068.T,forward,40.6442,5.0352,40.3300,44.5100,7.3900,3.8756,9.5805,2362.0000,,2026-09-29,,,597.0,23943258,14294.1250,11893.1250,8.0720,active,,,
54,500A0,E41257,株式会社ＴＯブックス,TOブックス,情報・通信業,2026-10-10,2026-10-09,500A.T,forward,27.2860,4.1360,16.8200,69.6600,21.6900,1.6555,12.3491,1900.0000,,2026-09-14,,,3425.0,3521800,12062.1650,7858.3750,6.5972,active,,,
55,73780,E34994,株式会社アシロ,ASIRO Inc.,サービス業,2026-10-10,2026-10-09,7378.T,forward,42.2606,6.0132,21.3500,64.8400,44.5300,3.4916,11.6557,1500.0000,,2026-09-11,,,1573.0,7031587,11060.6864,9019.7964,7.0280,active,,,/en/compounders/7378/initiation/
56,17170,E05377,明豊ファシリティワークス株式会社,Meiho Facility Works Ltd.,サービス業,2026-10-10,2026-10-09,1717.T,forward,18.0348,7.2177,20.7600,71.3400,8.6900,1.6543,11.1418,1297.0000,,2026-08-07,2026-03-31,,926.0,11758656,10888.5155,9361.3255,2.4987,active,,,
57,43890,E34090,プロパティデータバンク株式会社,"Property Data Bank,Inc.",情報・通信業,2026-10-10,2026-10-09,4389.T,forward,29.0656,6.5415,29.8900,71.4200,9.5200,2.8078,4.9878,1340.0000,,2026-08-12,,,1027.0,10351453,10630.9422,8765.5822,4.4433,active,,,
58,48110,E39009,株式会社ドリーム・アーツ,DreamArts Corporation,情報・通信業,2026-10-10,2026-10-09,4811.T,forward,31.4325,7.4965,17.2400,54.9000,15.4900,3.4764,9.6110,865.0000,,2026-08-14,2025-12-31,,913.0,11617985,10607.2203,6484.5003,4.1929,active,,,
59,24360,E05477,共同ピーアール株式会社,"KYODO PUBLIC RELATIONS CO.,LTD.",サービス業,2026-10-10,2026-10-09,2436.T,forward,26.7110,4.6282,15.2300,70.5900,17.5600,2.5134,7.0500,1600.0000,,2026-08-13,,,609.0,17392104,10591.7913,7405.1613,5.7713,active,,,
60,44950,E35578,株式会社アイキューブドシステムズ,"i3 Systems, Inc.",情報・通信業,2026-10-10,2026-10-09,4495.T,forward,33.6961,5.8761,26.3600,65.3000,18.5500,3.1661,8.9529,1291.0000,,2026-08-12,,,2146.0,4876682,10465.3596,7586.0996,5.7344,active,,,
61,91680,E38895,株式会社ライズ・コンサルティング・グループ,"Rise Consulting Group, Inc.",サービス業,2026-10-10,2026-10-09,9168.T,forward,21.3708,9.1928,20.2300,75.7500,20.9400,1.3596,12.8457,946.0000,,2026-07-14,,,421.0,23948440,10082.2932,8696.3732,2.3247,active,,,
62,70890,E35483,フォースタートアップス株式会社,"for Startups, Inc.",サービス業,2026-10-10,2026-10-09,7089.T,forward,32.5995,5.9302,21.2600,63.5300,20.6700,3.5711,4.0975,1400.0000,,2026-08-06,,,1560.0,6452718,10066.2401,8302.3401,5.4972,active,,,
63,55990,E39122,Ｓ＆Ｊ株式会社,S&J Corporation,情報・通信業,2026-10-10,2026-10-09,5599.T,forward,25.8639,10.7032,23.8300,71.1900,22.1200,4.0930,5.9392,620.0000,,2026-08-12,2026-03-31,,1595.0,5570804,8885.4324,6636.0024,2.4165,active,,,
64,441A0,E40979,ＮＥ株式会社,NE Inc.,情報・通信業,2026-10-10,2026-10-09,441A.T,forward,31.5142,4.2320,35.9200,89.2800,17.0600,1.8880,11.3894,1190.0000,,2026-09-14,,,262.0,33085892,8668.5037,5036.0337,7.4467,active,,,
65,42620,E37206,ニフティライフスタイル株式会社,"NIFTY Lifestyle Co.,Ltd",情報・通信業,2026-10-10,2026-10-09,4262.T,forward,18.4369,2.9990,22.7200,83.6700,20.3100,1.3888,10.2545,1313.0000,,2026-07-30,,,1361.0,6362617,8659.5217,3937.6617,6.1477,active,,,
66,68190,E01987,伊豆シャボテンリゾート株式会社,"Izu Shaboten Resort Co.,Ltd",サービス業,2026-10-10,2026-10-09,6819.T,forward,16.5554,4.8639,20.8700,81.3200,18.1500,1.3550,9.1657,1350.0000,,2026-08-14,,,463.0,18548184,8587.8092,6566.2892,3.4037,active,,,
67,23030,E05289,株式会社ドーン,Dawn Corporation,情報・通信業,2026-10-10,2026-10-09,2303.T,forward,21.5369,10.3525,37.7700,89.3700,8.2300,2.3975,6.8751,670.0000,,2026-10-08,2026-05-31,,1336.0,5945347,7942.9836,6936.1636,2.0804,active,,,
68,92710,E33858,株式会社和心,"Wagokoro co.,ltd.",小売業,2026-10-10,2026-10-09,9271.T,forward,39.7258,9.5728,20.3900,67.9300,40.8200,6.3208,5.8889,800.0000,,2026-08-13,2025-12-31,,940.0,8409182,7904.6311,7658.2611,4.1499,active,,,
69,173A0,E39460,株式会社ハンモック,Hammock Inc.,情報・通信業,2026-10-10,2026-10-09,173A.T,forward,18.3048,3.3278,17.0700,45.1500,6.9800,2.3090,21.8536,883.0000,,2026-08-14,,,1820.0,4218501,7677.6718,2938.4718,5.5005,active,,,
70,339A0,E40448,プログレス・テクノロジーズ　グループ株式会社,"PROGRESS TECHNOLOGIES GROUP,Inc.",サービス業,2026-10-10,2026-10-09,339A.T,forward,19.2781,3.7763,28.2500,52.2800,9.7200,1.1479,26.7123,1614.0000,,2026-07-14,,,912.0,7618290,6947.8805,6094.8805,5.1051,active,,,
71,70800,E35323,株式会社スポーツフィールド,"Sportsfield Co., Ltd.",サービス業,2026-10-10,2026-10-09,7080.T,forward,37.9367,3.9333,22.5500,62.5500,18.6300,2.6260,4.3712,1300.0000,,2026-08-10,,,889.0,7337044,6522.6321,5113.3021,9.6450,active,,,
72,43800,E33784,株式会社Ｍマート,M - mart Inc.,情報・通信業,2026-10-10,2026-10-09,4380.T,forward,29.6365,6.1107,46.3800,68.9000,11.4100,3.0343,6.4675,689.0000,,2026-09-14,,,661.0,9780728,6465.0612,4210.2812,4.8499,active,,,
73,70790,E35335,ＷＤＢココ株式会社,"WDB coco CO.,LTD.",サービス業,2026-10-10,2026-10-09,7079.T,forward,18.8878,2.7036,19.8800,83.8500,5.7600,1.3170,7.8081,960.0000,,2026-08-07,,,2610.0,2404852,6276.6637,2595.4237,6.9862,active,,,
74,44140,E37130,株式会社フレクト,"FLECT Co.,Ltd.",情報・通信業,2026-10-10,2026-10-09,4414.T,forward,47.4903,4.3014,15.0800,60.4800,15.8600,2.3598,4.3066,1247.0000,,2026-08-13,,,1120.0,5402244,6050.5133,5363.8733,11.0406,active,,,
75,78040,E34800,株式会社ビーアンドピー,"B&P Co.,Ltd.",その他製品,2026-10-10,2026-10-09,7804.T,forward,17.4740,3.4889,15.6100,81.1400,15.5300,1.5538,8.0028,750.0000,,2026-09-09,,,2557.0,2330591,5959.3212,2616.6812,5.0084,active,,,
76,343A0,E40408,株式会社ＩＡＣＥトラベル,IACE TRAVEL Corporation.,サービス業,2026-10-10,2026-10-09,343A.T,forward,17.5464,4.8885,25.0100,74.3000,22.1600,1.3792,7.7451,900.0000,,2026-08-13,,,1240.0,4767800,5912.0720,4399.6920,3.5893,active,,,
77,55750,E38662,株式会社Ｇｌｏｂｅｅ,Globee Inc.,情報・通信業,2026-10-10,2026-10-09,5575.T,forward,40.4958,7.3589,21.6100,42.1500,29.2400,5.1854,7.8826,620.0000,,2026-07-14,,,1191.0,4924369,5864.9235,4562.5335,5.5029,active,,,
78,42870,E05204,株式会社ジャストプランニング,JUSTPLANNING INC.,情報・通信業,2026-10-10,2026-10-09,4287.T,forward,15.3910,5.6496,23.9600,90.4400,8.0700,1.3689,11.3521,683.0000,,2026-09-16,,,500.0,11212292,5606.1460,3858.6960,2.7243,active,,,
79,598A0,E41917,チャットプラス株式会社,"ChatPlus Co., Ltd.",情報・通信業,2026-10-10,2026-10-09,598A.T,forward,65.3502,7.9301,43.3700,57.1500,57.8800,7.1676,7.0446,556.0000,,2026-08-13,,,1350.0,4000000,5400.0000,4409.1450,8.2408,active,,,
80,43720,E36905,ユミルリンク株式会社,"YMIRLINK,Inc.",情報・通信業,2026-10-10,2026-10-09,4372.T,forward,22.3705,4.3397,21.9700,83.9000,11.8800,1.6008,6.3659,530.0000,,2026-08-14,,,1274.0,3831363,4881.1565,2300.0665,5.1548,active,,,
81,44280,E34509,株式会社シノプス,sinops Inc.,情報・通信業,2026-10-10,2026-10-09,4428.T,forward,16.2465,9.1702,15.1500,77.8600,11.9300,2.3034,6.5316,390.0000,,2026-08-14,2025-12-31,,705.0,6207713,4376.4377,3576.3677,1.7717,active,,,
82,291A0,E40145,株式会社リスキル,Reskill Corp.,サービス業,2026-10-10,2026-10-09,291A.T,forward,47.6937,3.7904,36.2400,82.0400,39.1100,2.1809,13.2152,608.0000,,2026-08-13,,,2047.0,2035600,4166.8732,2304.5432,12.5829,active,,,
83,334A0,E40452,株式会社ビジュアル・プロセッシング・ジャパン,"Visual Processing Japan Co., Ltd.",情報・通信業,2026-10-10,2026-10-09,334A.T,forward,20.2561,8.7759,18.9500,75.2500,14.6600,2.9958,5.3253,301.0000,,2026-08-07,,,1160.0,3323800,3855.6080,2641.5580,2.3081,active,,,
84,340A0,E40189,株式会社ジグザグ,"zig-zag,Inc.",情報・通信業,2026-10-10,2026-10-09,340A.T,forward,20.9783,4.0497,19.2800,53.0400,23.2200,1.8478,8.4605,212.0000,,2026-07-14,2026-05-31,,328.0,7755435,2543.7827,858.5327,5.1802,active,,,
85,92420,E36886,メディア総研株式会社,"Media Research Institute,Inc.",サービス業,2026-10-10,2026-10-09,9242.T,forward,18.9903,2.7210,19.1300,85.3100,25.5700,1.6118,11.3587,395.0000,,2026-09-11,,,2000.0,1232157,2464.3140,1074.8040,6.9791,active,,,
